date,topic_id,privacy,url
2026-07-01,tongue-louse,unlisted,[redacted]
2026-07-01,tongue-louse,public,[redacted]
2026-07-01,immortal-jellyfish,public,[redacted]
2026-07-01,horror-frog,public,[redacted]
2026-07-01,tongue-louse,unlisted,[redacted]
2026-07-01,horror-frog,unlisted,[redacted]
2026-07-01,tongue-louse,unlisted,[redacted]
2026-07-01,tongue-louse,unlisted,[redacted]
2026-07-01,cordyceps,public,[redacted]
2026-07-01,bobbit-worm,public,[redacted]
2026-07-01,lake-natron,public,[redacted]
2026-07-02,osedax,public,[redacted]
2026-07-02,pistol-shrimp,public,[redacted]
2026-07-02,surinam-toad,public,[redacted]
2026-07-04,greenland-shark,public,[redacted]
2026-07-04,assassin-bug,public,[redacted]
2026-07-04,vampire-finch,public,[redacted]
2026-07-04,blue-ringed-octopus,public,[redacted]
2026-07-04,tarantula-hawk-wasp,public,[redacted]
2026-07-05,candiru,public,[redacted]
2026-07-05,hagfish,public,[redacted]
2026-07-05,bombardier-beetle,public,[redacted]
2026-07-05,mantis-shrimp,public,[redacted]
2026-07-05,anglerfish,public,[redacted]
2026-07-06,giant-isopod,public,[redacted]
2026-07-06,vampire-squid,public,[redacted]
2026-07-06,tardigrade,public,[redacted]
2026-07-06,electric-eel,public,[redacted]
2026-07-06,dracula-ant,public,[redacted]
2026-07-06,glass-frog,public,[redacted]
2026-07-07,asian-giant-hornet,public,[redacted]
2026-07-07,portuguese-man-o-war,public,[redacted]
2026-07-07,sarcastic-fringehead,public,[redacted]
2026-07-07,goliath-birdeater,public,[redacted]
2026-07-07,cone-snail,public,[redacted]
2026-07-08,box-jellyfish,public,[redacted]
2026-07-08,irukandji,public,[redacted]
2026-07-12,stonefish,public,[redacted]
2026-07-12,inland-taipan,public,[redacted]
2026-07-12,brazilian-wandering-spider,public,[redacted]
2026-07-13,botfly,private,[redacted]
2026-07-13,guinea-worm,public,[redacted]
2026-07-13,jewel-wasp,public,[redacted]
2026-07-13,horsehair-worm,public,[redacted]
2026-07-13,leucochloridium,public,[redacted]
2026-07-13,sacculina,public,[redacted]
2026-07-13,vampire-bat,public,[redacted]
2026-07-14,komodo-dragon,public,[redacted]
2026-07-14,cassowary,public,[redacted]
2026-07-14,hippopotamus,public,[redacted]
2026-07-14,aye-aye,public,[redacted]
2026-07-15,lamprey,private,[redacted]
2026-07-15,gaboon-viper,private,[redacted]
2026-07-15,frilled-shark,private,[redacted]
2026-07-15,fangtooth,private,[redacted]
2026-07-15,velvet-worm,private,[redacted]
2026-07-15,bullet-ant,private,[redacted]
2026-07-15,exploding-ant,public,[redacted]
2026-07-15,gastric-brooding-frog,public,[redacted]
2026-07-15,caecilian,public,[redacted]
2026-07-15,horned-lizard,scheduled,[redacted]
2026-07-16,thorny-devil,public,[redacted]
2026-07-16,sea-cucumber,public,[redacted]
2026-07-16,hooded-pitohui,scheduled,[redacted]
2026-07-16,antechinus,scheduled,[redacted]
2026-07-17,amazonian-giant-centipede,public,[redacted]
2026-07-17,vampire-moth,public,[redacted]
2026-07-17,pompeii-worm,scheduled,[redacted]
2026-07-17,pitcher-plant,scheduled,[redacted]
2026-07-18,snakehead,public,[redacted]
2026-07-18,goblin-shark,scheduled,[redacted]
2026-07-18,deep-sea-dragonfish,scheduled,[redacted]
2026-07-18,honey-badger,scheduled,[redacted]
2026-07-19,electric-ray,public,[redacted]
2026-07-19,tsetse-fly,scheduled,[redacted]
2026-07-19,giant-huntsman,scheduled,[redacted]
2026-07-19,robber-fly,scheduled,[redacted]
2026-07-20,cookiecutter-shark,public,[redacted]
2026-07-20,giant-african-snail,public,[redacted]
2026-07-20,moray-eel,public,[redacted]
2026-07-20,praying-mantis,scheduled,[redacted]
2026-07-21,brain-eating-amoeba,public,[redacted]
2026-07-21,screwworm,public,[redacted]
2026-07-21,loa-loa,scheduled,[redacted]
2026-07-21,black-mamba,scheduled,[redacted]
2026-07-22,saltwater-crocodile,public,[redacted]
2026-07-22,tasmanian-devil,public,[redacted]
2026-07-22,mosquito,scheduled,[redacted]
2026-07-22,giant-water-bug,scheduled,[redacted]
2026-07-23,army-ant,public,[redacted]
2026-07-23,sand-tiger-shark,public,[redacted]
2026-07-23,common-cuckoo,scheduled,[redacted]
2026-07-23,massospora-fungus,scheduled,[redacted]
2026-07-24,bolas-spider,public,[redacted]
2026-07-24,phorid-fly,public,[redacted]
2026-07-24,ichneumon-wasp,scheduled,[redacted]
2026-07-24,tiger-salamander,scheduled,[redacted]
